firstNames,lastNames,genders,locales,occupations,traits
Emma,Johnson,Female,Los Angeles,Teacher,"Creative,Resilient,Introspective,Kind,Optimistic"
Liam,Smith,Male,Chicago,Engineer,"Determined,Adaptable,Curious,Logical,Focused"
Olivia,Brown,Female,Houston,Writer,"Charismatic,Thoughtful,Inventive,Passionate,Reflective"
Noah,Davis,Male,Philadelphia,Doctor,"Calm,Perceptive,Supportive,Empathetic,Disciplined"
Ava,Wilson,Female,Seattle,Artist,"Adaptable,Imaginative,Enthusiastic,Resourceful,Inspired"
Ethan,Anderson,Male,Denver,Programmer,"Analytical,Patient,Innovative,Strategic,Playful"
Sophia,Taylor,Female,Portland,Chef,"Courageous,Generous,Detail-oriented,Dynamic,Calm"
Mason,Thomas,Male,San Diego,Musician,"Optimistic,Empathetic,Confident,Organized,Adventurous"
Isabella,Moore,Female,Austin,Nurse,"Kind,Supportive,Thoughtful,Persistent,Exuberant"
Logan,Jackson,Male,Boston,Scientist,"Logical,Focused,Inventive,Pragmatic,Harmonious"
Mia,White,Female,Atlanta,Designer,"Passionate,Imaginative,Resourceful,Decisive,Inspired"
Lucas,Martin,Male,Dallas,Lawyer,"Assertive,Strategic,Charismatic,Understanding,Trendy"
Harper,Lee,Female,Phoenix,Photographer,"Artistic,Enthusiastic,Perceptive,Calm,Playful"
Elijah,Harris,Male,San Francisco,Architect,"Detail-oriented,Structured,Visionary,Adaptable,Inventive"
Amelia,Clark,Female,Minneapolis,Journalist,"Thoughtful,Reflective,Curious,Supportive,Disciplined"
James,Lewis,Male,Raleigh,Entrepreneur,"Ambitious,Bold,Innovative,Patient,Confident"
Charlotte,Walker,Female,San Jose,Teacher,"Encouraging,Kind,Empathetic,Optimistic,Focused"
Benjamin,Hall,Male,Indianapolis,Engineer,"Precise,Logical,Determined,Resourceful,Inspired"
Evelyn,Allen,Female,Columbus,Writer,"Poetic,Passionate,Imaginative,Thoughtful,Calm"
Alexander,Young,Male,Charlotte,Doctor,"Insightful,Perceptive,Supportive,Disciplined,Strategic"
Abigail,King,Female,Detroit,Musician,"Playful,Harmonious,Charismatic,Enthusiastic,Inventive"
Daniel,Wright,Male,Miami,Artist,"Vivid,Adaptable,Resourceful,Optimistic,Expressive"
Emily,Scott,Female,Orlando,Chef,"Flavorful,Generous,Detail-oriented,Persistent,Inspired"
Matthew,Green,Male,Tampa,Programmer,"Systematic,Focused,Innovative,Logical,Pragmatic"
Avery,Adams,Female,St. Louis,Nurse,"Compassionate,Understanding,Supportive,Kind,Calm"
Henry,Baker,Male,Pittsburgh,Scientist,"Explorative,Curious,Analytical,Patient,Inventive"
Ella,Hill,Female,Cleveland,Designer,"Trendy,Imaginative,Passionate,Resourceful,Decisive"
Joseph,Campbell,Male,Kansas City,Lawyer,"Principled,Assertive,Strategic,Confident,Organized"
Scarlett,Phillips,Female,Tucson,Photographer,"Artistic,Enthusiastic,Perceptive,Playful,Visionary"
Jack,Turner,Male,Albuquerque,Architect,"Blueprint,Structured,Detail-oriented,Adaptable,Inventive"
Grace,Parker,Female,Fresno,Entrepreneur,"Dynamic,Bold,Ambitious,Innovative,Supportive"
Samuel,Cook,Male,Sacramento,Teacher,"Guiding,Encouraging,Kind,Optimistic,Focused"
Zoe,Rivera,Female,Long Beach,Engineer,"Technical,Precise,Determined,Resourceful,Inspired"
William,Reyes,Male,Mesa,Writer,"Storyteller,Reflective,Thoughtful,Passionate,Calm"
Lily,Carter,Female,Oakland,Doctor,"Attentive,Insightful,Supportive,Disciplined,Perceptive"
Michael,Gonzalez,Male,Bakersfield,Nurse,"Healing,Compassionate,Understanding,Kind,Calm"
Victoria,Perez,Female,Anaheim,Artist,"Expressive,Vivid,Imaginative,Enthusiastic,Resourceful"
Andrew,Rodriguez,Male,Santa Ana,Musician,"Melodic,Harmonious,Charismatic,Inspired,Playful"
Madison,Garcia,Female,Riverside,Chef,"Gastronomic,Generous,Detail-oriented,Persistent,Flavorful"
Jacob,Martinez,Male,Stockton,Programmer,"Methodical,Systematic,Focused,Innovative,Logical"
Chloe,Hernandez,Female,Corpus Christi,Scientist,"Observant,Explorative,Curious,Analytical,Patient"
Gabriel,Lopez,Male,Lexington,Designer,"Stylish,Imaginative,Passionate,Resourceful,Decisive"
Hannah,Young,Female,St. Petersburg,Lawyer,"Advocate,Assertive,Strategic,Confident,Organized"
Isaac,Howard,Male,Jersey City,Photographer,"Framed,Enthusiastic,Perceptive,Playful,Visionary"
Lillian,Torres,Female,Anchorage,Architect,"Constructive,Structured,Detail-oriented,Adaptable,Inventive"
Nathan,Gray,Male,Madison,Entrepreneur,"Visionary,Bold,Ambitious,Innovative,Supportive"
Aria,Ramirez,Female,Durham,Teacher,"Inspiring,Encouraging,Kind,Optimistic,Focused"
Owen,James,Male,Des Moines,Engineer,"Pragmatic,Precise,Determined,Resourceful,Inspired"
Zoey,Reed,Female,Grand Rapids,Nurse,"Considerate,Compassionate,Understanding,Kind,Calm"
Carter,Morgan,Male,Spokane,Writer,"Poetic,Reflective,Thoughtful,Passionate,Calm"
Eleanor,Bennett,Female,Boise,Doctor,"Insightful,Attentive,Supportive,Disciplined,Perceptive"
Sebastian,Cox,Male,Reno,Artist,"Exuberant,Vivid,Imaginative,Enthusiastic,Resourceful"
Sofia,Richardson,Female,Richmond,Musician,"Harmonious,Melodic,Charismatic,Inspired,Playful"
Caleb,Howard,Male,Tallahassee,Chef,"Inventive,Generous,Detail-oriented,Persistent,Flavorful"
Layla,Stewart,Female,Huntsville,Programmer,"Methodical,Systematic,Focused,Innovative,Logical"
Julian,Bailey,Male,Ontario,Scientist,"Curious,Observant,Explorative,Analytical,Patient"
Grayson,Cooper,Female,Chattanooga,Designer,"Trendy,Stylish,Imaginative,Passionate,Decisive"
Levi,Carpenter,Male,Billings,Lawyer,"Principled,Advocate,Assertive,Strategic,Confident"
Penelope,Gray,Female,Burlington,Photographer,"Artistic,Framed,Enthusiastic,Perceptive,Playful"
Isaiah,Hughes,Male,Sioux Falls,Architect,"Blueprint,Structured,Detail-oriented,Adaptable,Inventive"
Nova,Price,Female,Topeka,Entrepreneur,"Bold,Dynamic,Visionary,Ambitious,Innovative"
Ezekiel,Fisher,Male,Peoria,Nurse,"Empathetic,Healing,Compassionate,Understanding,Kind"
Aurora,Henderson,Female,Scottsdale,Teacher,"Inspiring,Guiding,Encouraging,Kind,Optimistic"
Xavier,Simmons,Male,Lancaster,Engineer,"Precise,Technical,Determined,Resourceful,Inspired"
Luna,Foster,Female,Wilmington,Writer,"Expressive,Poetic,Reflective,Thoughtful,Passionate"
Ezra,Butler,Female,Arvada,Doctor,"Attentive,Insightful,Supportive,Disciplined,Perceptive"
Stella,Gibson,Male,West Valley City,Musician,"Passionate,Melodic,Harmonious,Charismatic,Inspired"
Wyatt,Reed,Female,Springfield,Chef,"Flavorful,Inventive,Generous,Detail-oriented,Persistent"
Milo,Marshall,Male,Ann Arbor,Nurse,"Healing,Considerate,Compassionate,Understanding,Kind"
Hazel,Coleman,Female,Lansing,Programmer,"Logical,Methodical,Systematic,Focused,Innovative"
Jasper,Warren,Male,Beaumont,Scientist,"Explorative,Curious,Observant,Analytical,Patient"
Ivy,Morris,Female,Waterbury,Designer,"Innovative,Stylish,Imaginative,Passionate,Resourceful"
Oscar,Russell,Female,El Paso,Lawyer,"Just,Advocate,Assertive,Strategic,Confident"
Nora,Jacobs,Male,Santa Rosa,Photographer,"Visual,Framed,Enthusiastic,Perceptive,Playful"
Leo,Webb,Female,Spokane Valley,Architect,"Blueprint,Constructive,Structured,Detail-oriented,Adaptable"